[
    {   "id" : 1,
        "name": "Chevrolet Onix Joy",
        "description": "Generación 2019, variedad de colores. Motor 1.0, ideal para ciudad.",
        "cost": 13500,
        "currency": "USD",
        "imgSrc": "img/prod1.jpg",
        "soldCount": 14
    },
    {   "id" : 2,
        "name": "Fiat Way",
        "description": "La versión de Fiat que brinda confort y a un precio accesible.",
        "cost": 14500,
        "currency": "USD",
        "imgSrc": "img/prod2.jpg",
        "soldCount": 52
    },
    {   "id" : 3,
        "name": "Suzuki Celerio",
        "description": "Un auto que se ha ganado la buena fama por su economía con el combustible.",
        "cost": 12500,
        "currency": "USD",
        "imgSrc": "img/prod3.jpg",
        "soldCount": 25
    },
    {    "id" : 4,
        "name": "Peugeot 208",
        "description": "El modelo de auto que se sigue renovando y manteniendo su prestigio en comodidad.",
        "cost": 15200,
        "currency": "USD",
        "imgSrc": "img/prod4.jpg",
        "soldCount": 17
    },
    {    "id" : 5,
        "name": "Xiaomi Redmi 9",
        "description": "la súper batería y sus cuatro cámaras ",
        "cost": 200,
        "currency": "USD",
        "imgSrc": "img/prod5.jpg",
        "soldCount": 20
    },
    {    "id" : 6,
        "name": "Samsung Galaxy A20",
        "description": "más potente que el A10, menos que el resto de sus hermanos",
        "cost": 300,
        "currency": "USD",
        "imgSrc": "img/prod6.jpg",
        "soldCount": 10
    },
    {    "id" : 7,
        "name": "Huawei P40",
        "description": "njnasdjknfapfasidjasodad",
        "cost": 290,
        "currency": "USD",
        "imgSrc": "img/prod7.jpg",
        "soldCount": 25
    },
    {    "id" : 8,
        "name": "Motorola Moto G20",
        "description": "asasfasdasdasdwaeeaedasease",
        "cost": 100,
        "currency": "USD",
        "imgSrc": "img/prod8.jpg",
        "soldCount": 7
    }
]