
    {    "id" : 5,
        "name": "Xiaomi Redmi 9",
        "description": "móvil de gama media que busca competir en precio con una configuración más ajustada que la de la familia Redmi Note 9. ",
        "cost": 200,
        "currency": "USD",
        "soldCount": 20,
        "category": "Celulares",
        "images":[
            "img/prod5.jpg",
            "img/prod5_1.jpg",
            "img/prod5_2.jpg",
            "img/prod5_3.jpg"
        ],
        "relatedProducts":[ 3 , 6]
    }
