
{    "id" : 6,
    "name": "Samsung Galaxy A20",
    "description": "el teléfono se mantiene en la línea económica, alejado de otros pesos pesados de la gama como los Galaxy A60, A70 y compañía. El nuevo modelo ya está entre nosotros y aunque el fabricante no ha deslizado todas sus características, sí nos permite construir el esqueleto del nuevo dispositivo pese a las pequeñas lagunas que nos encontramos",
    "cost": 300,
    "currency": "USD",
    "soldCount": 10,
    "category": "Celulares",
    "images":[
        "img/prod6.jpg",
        "img/prod6_1.jpg",
        "img/prod6_2.jpg",
        "img/prod6_3.jpg"
    ],
    "relatedProducts":[ 2 , 4]
   
}
